City_ID,City,Lat,Lng,Max Temp,Humidity,Cloudiness,Wind Speed,Country,Date
0,paratinga,-12.6906,-43.1842,75.6,52,0,6.49,BR,1689560092
1,kyzyl,51.7,94.45,69.78,52,13,0.63,RU,1689560092
2,port-aux-francais,-49.35,70.2167,35.65,55,84,8.21,TF,1689560058
3,villanueva,15.3167,-88.0,83.39,79,20,9.22,HN,1689560093
4,tobelo,1.7284,128.0095,78.82,84,100,2.93,ID,1689560093
5,imbituba,-28.24,-48.6703,58.91,84,100,7.02,BR,1689560093
6,fuerte olimpo,-21.0415,-57.8738,70.38,47,100,6.4,PY,1689560093
7,tolanaro,-25.0319,46.9987,63.82,80,7,6.04,MG,1689560094
8,avarua,-21.2078,-159.775,73.45,64,100,5.75,CK,1689560094
9,edinburgh of the seven seas,-37.0676,-12.3116,55.51,69,1,27.6,SH,1689560094
10,el abiodh sidi cheikh,32.893,0.5484,78.15,11,0,6.58,DZ,1689560094
11,meadow lakes,61.6247,-149.6011,58.73,91,100,3.44,US,1689560094
12,shakhtinsk,49.71,72.5872,75.85,34,19,3.42,KZ,1689560095
13,ust-nera,64.5667,143.2,60.84,43,100,7.38,RU,1689560095
14,waitangi,-43.9535,-176.5597,51.82,81,99,5.99,NZ,1689560095
15,alpine,32.835,-116.7664,91.67,53,0,5.75,US,1689560095
16,dryden,49.7833,-92.7503,57.49,88,100,8.05,CA,1689560024
17,isafjordur,66.0755,-23.124,45.82,67,15,3.6,IS,1689560096
18,tiksi,71.6872,128.8694,45.84,86,100,10.6,RU,1689560059
19,puerto natales,-51.7236,-72.4875,30.34,91,97,4.99,CL,1689560056
20,namibe,-15.1961,12.1522,68.05,63,0,3.76,AO,1689560096
21,hajin,34.6927,40.827,86.31,20,0,11.61,SY,1689560096
22,port lincoln,-34.7333,135.8667,54.81,53,0,8.88,AU,1689559992
23,grytviken,-54.2811,-36.5092,21.76,87,84,3.38,GS,1689560097
24,egilsstadir,65.2653,-14.3948,44.51,87,75,2.3,IS,1689560074
25,tarrafal,15.2833,-23.7667,81.39,85,53,8.75,CV,1689560097
26,west island,-12.1568,96.8225,78.78,65,100,13.8,CC,1689560097
27,stanley,54.868,-1.6985,52.72,87,0,9.22,GB,1689559949
28,adamstown,-25.066,-130.1015,69.71,80,100,6.15,PN,1689560098
29,fort bragg,35.139,-79.006,81.95,80,0,0.0,US,1689560098
30,kangding,30.0513,101.9603,66.0,51,5,4.92,CN,1689560098
31,vila velha,-20.3297,-40.2925,69.75,87,0,5.75,BR,1689560098
32,dolores,-36.3132,-57.6792,38.05,75,8,7.56,AR,1689560099
33,ilulissat,69.2167,-51.1,41.02,93,100,4.61,GL,1689560065
34,crane,31.3974,-102.3501,93.09,22,0,16.55,US,1689560100
35,blackmans bay,-43.0167,147.3167,59.74,58,9,9.64,AU,1689560100
36,whangarei,-35.7317,174.3239,59.81,64,0,9.44,NZ,1689560100
37,lagos,6.5833,3.75,75.51,93,100,4.68,NG,1689559816
38,hermanus,-34.4187,19.2345,57.24,80,100,7.38,ZA,1689560098
39,hawaiian paradise park,19.5933,-154.9731,81.73,75,100,6.91,US,1689560075
40,minab,27.1467,57.0801,91.2,56,1,1.74,IR,1689560101
41,talnakh,69.4865,88.3972,47.21,66,81,9.1,RU,1689560025
42,ribeira grande,38.5167,-28.7,64.78,84,19,5.99,PT,1689560102
43,port saint john's,-31.6229,29.5448,61.05,57,41,6.67,ZA,1689560103
44,bethel,41.3712,-73.414,75.88,89,100,3.0,US,1689560103
45,lotoshino,56.2267,35.6414,56.5,86,18,1.77,RU,1689560104
46,happy valley-goose bay,53.3168,-60.3315,75.51,69,75,9.22,CA,1689560105
47,aasiaat,68.7098,-52.8699,36.7,95,100,5.57,GL,1689560105
48,hun,29.1268,15.9477,79.3,43,0,7.56,LY,1689560105
49,toyooka,35.5333,134.8333,93.25,58,20,3.44,JP,1689560106
50,brasilia de minas,-16.2064,-44.4333,72.48,48,83,8.23,BR,1689559874
51,utrik,11.2278,169.8474,82.36,80,73,15.64,MH,1689560106
52,inari,68.906,27.0288,62.8,73,100,11.01,FI,1689560107
53,sitka,57.0531,-135.33,57.09,94,100,8.05,US,1689560107
54,port elizabeth,-33.918,25.5701,46.69,100,21,3.44,ZA,1689560065
55,bei'an,24.5399,109.533,85.24,64,96,14.72,CN,1689560107
56,iqaluit,63.7506,-68.5145,44.33,93,100,4.61,CA,1689560108
57,st. john's,47.5649,-52.7093,68.27,93,100,12.66,CA,1689560108
58,san antonio de pale,-1.4014,5.6325,73.04,82,34,13.51,GQ,1689560108
59,kyzylorda,44.8528,65.5092,78.82,34,0,6.71,KZ,1689560109
60,labytnangi,66.6572,66.4183,66.07,65,100,8.1,RU,1689560109
61,bredasdorp,-34.5322,20.0403,54.77,78,100,6.31,ZA,1689560109
62,leua,48.2156,18.6071,76.5,75,38,4.63,SK,1689560080
63,kruisfontein,-34.0033,24.7314,54.0,62,45,3.83,ZA,1689560110
64,selfoss,63.9331,-20.9971,46.85,72,18,10.13,IS,1689560110
65,linxia chengguanzhen,35.6003,103.2064,71.08,48,85,2.37,CN,1689559965
66,erenhot,43.6475,111.9767,83.79,21,41,11.63,CN,1689560110
67,flying fish cove,-10.4217,105.6791,78.48,78,100,12.66,CX,1689560111
68,atasu,48.6814,71.6433,79.54,27,25,5.73,KZ,1689560111
69,roma,43.2128,-75.4557,71.73,89,0,0.0,US,1689559920
70,yellowknife,62.456,-114.3525,72.12,49,75,11.99,CA,1689560111
71,corner brook,48.9667,-57.9484,69.96,97,100,2.95,CA,1689560027
72,kirakira,-10.4544,161.9205,78.42,94,99,8.72,SB,1689560112
73,san juan de miraflores,-12.1629,-76.9635,67.17,81,75,7.54,PE,1689560112
74,lebu,-37.6167,-73.65,44.4,74,99,7.0,CL,1689560112
75,along,28.1667,94.7667,74.14,99,100,0.87,IN,1689560113
76,lionel town,17.8101,-77.2406,85.89,82,20,7.34,JM,1689560113
77,qaqortoq,60.7167,-46.0333,43.36,93,90,1.9,GL,1689560113
78,carbondale,37.7273,-89.2168,73.4,83,0,5.75,US,1689560114
79,keflavik,64.0049,-22.5624,49.91,71,0,16.11,IS,1689560114
80,chegdomyn,51.1167,133.0167,79.43,47,78,2.89,RU,1689560114
81,codajas,-3.8367,-62.0569,78.66,72,99,3.49,BR,1689560115
82,port alfred,-33.5906,26.891,60.98,52,56,4.56,ZA,1689559915
83,papatowai,-46.5619,169.4708,50.79,84,100,17.74,NZ,1689560115
84,sisimiut,66.9395,-53.6735,45.7,96,100,4.68,GL,1689560115
85,jamestown,42.097,-79.2353,71.19,82,0,5.75,US,1689560116
86,cockburn town,21.4612,-71.1419,83.59,83,3,17.9,TC,1689560116
87,inirida,3.8653,-67.9239,73.31,98,100,0.83,CO,1689560116
88,n'zeto,-7.2312,12.8666,67.68,94,0,4.72,AO,1689560116
89,correntina,-13.3433,-44.6367,70.61,52,5,5.5,BR,1689560118
90,port mathurin,-19.6833,63.4167,73.26,72,88,25.52,MU,1689560084
91,geraldton,-28.7667,114.6,54.01,71,0,8.05,AU,1689560118
92,katsuren-haebaru,26.3369,127.8719,89.62,74,75,10.36,JP,1689560118
93,antofagasta,-23.65,-70.4,61.88,87,100,5.12,CL,1689560119
94,anadyr,64.75,177.4833,77.5,38,0,8.95,RU,1689560062
95,albany,42.6001,-73.9662,73.27,93,100,1.01,US,1689559920
96,constantia,44.1833,28.65,68.7,67,0,5.61,RO,1689560120
97,axim,4.8699,-2.2405,75.63,91,59,6.91,GH,1689560120
98,nar'yan-mar,67.6713,53.087,59.63,87,100,8.41,RU,1689560120
99,akureyri,65.6835,-18.0878,46.33,81,100,11.5,IS,1689560120
100,puerto ayora,-0.7393,-90.3518,77.56,94,57,5.01,EC,1689560121
101,umm kaddadah,13.6017,26.6876,87.35,43,7,10.63,SD,1689560121
102,galliano,29.4422,-90.2992,80.6,89,0,0.0,US,1689560121
103,wailua homesteads,22.0669,-159.378,81.39,76,100,14.97,US,1689560121
104,hithadhoo,-0.6,73.0833,81.52,73,93,3.2,MV,1689560122
105,pangai,-19.8,-174.35,73.51,78,75,14.97,TO,1689560122
106,centenario,-38.8043,-68.14,39.16,57,90,11.25,AR,1689559865
107,areia branca,-4.9561,-37.1369,76.6,74,8,18.52,BR,1689560122
108,karratha,-20.7377,116.8463,72.93,33,2,11.72,AU,1689560060
109,invercargill,-46.4,168.35,49.95,92,100,15.64,NZ,1689560054
110,auki,-8.7676,160.7034,78.76,87,96,2.66,SB,1689560123
111,opuwo,-18.0607,13.84,57.87,30,0,10.63,NA,1689560123
112,isangel,-19.55,169.2667,73.27,69,58,16.42,VU,1689560124
113,mersing,2.4312,103.8405,84.11,89,20,5.75,MY,1689560124
114,mossel bay,-34.1831,22.146,55.33,65,64,4.38,ZA,1689560124
115,lihue,21.9789,-159.3672,81.99,70,100,14.97,US,1689559904
116,fale old settlement,-9.3852,-171.2468,83.46,75,17,15.82,TK,1689560081
117,iskateley,67.6803,53.1512,59.49,87,100,8.21,RU,1689560125
118,lepsy,46.235,78.9456,81.93,24,0,1.92,KZ,1689560126
119,medina,24.4686,39.6142,97.23,9,20,3.44,SA,1689560126
120,chui,-33.6971,-53.4616,42.04,81,66,7.47,UY,1689560126
121,brandon,27.9378,-82.2859,84.88,94,0,0.0,US,1689560127
122,cestos city,5.46,-9.5828,76.53,89,99,6.17,LR,1689560127
123,mahibadhoo,3.7833,72.9667,83.48,75,81,14.23,MV,1689560127
124,port blair,11.6667,92.75,82.44,83,100,10.36,IN,1689560127
125,ushuaia,-54.8,-68.3,37.06,75,40,5.75,AR,1689560128
126,howard springs,-12.497,131.047,85.91,34,94,12.35,AU,1689560128
127,lata,40.1629,-8.3327,57.07,95,0,2.51,PT,1689560128
128,sakassou,7.4546,-5.2926,71.31,98,99,3.62,CI,1689560128
129,mgandu,-5.95,34.1333,54.0,68,0,7.99,TZ,1689560129
130,bucerias,20.75,-105.3333,87.78,79,100,9.22,MX,1689560129
131,college,64.8569,-147.8028,73.38,41,75,4.61,US,1689560129
132,glennville,31.9366,-81.9285,78.35,90,10,3.94,US,1689560129
133,labrador city,52.9463,-66.9114,67.91,73,75,6.91,CA,1689560130
134,youghal,51.95,-7.8506,51.01,100,28,8.81,IE,1689560130
135,san mariano,7.5,126.0,81.7,71,96,2.39,PH,1689560130
136,alice springs,-23.7,133.8833,67.55,40,16,14.97,AU,1689560131
137,kingston,17.997,-76.7936,85.15,85,20,6.91,JM,1689559951
138,preobrazheniye,42.9019,133.9064,67.17,83,97,9.53,RU,1689560131
139,viedma,-40.8135,-62.9967,39.79,53,13,14.12,AR,1689559873
140,east london,-33.0153,27.9116,61.72,45,99,4.85,ZA,1689560083
141,ubinskoye,55.3068,79.6802,63.81,59,49,9.17,RU,1689560132
142,male,4.1748,73.5089,83.32,76,100,14.47,MV,1689560133
143,punta arenas,-53.15,-70.9167,39.31,81,75,13.8,CL,1689560000
144,arraial do cabo,-22.9661,-42.0278,67.86,100,0,4.61,BR,1689560098
145,kargil,34.5667,76.1,61.02,57,91,1.79,IN,1689560133
146,kodiak,57.79,-152.4072,60.31,67,100,6.91,US,1689560133
147,novodvinsk,64.4165,40.8122,61.65,71,92,4.14,RU,1689560134
148,ust'-ilimsk,58.0006,102.6619,69.03,60,100,6.51,RU,1689559901
149,bilibino,68.0546,166.4372,82.13,29,89,10.56,RU,1689560134
150,shitanjing,39.2342,106.3439,80.06,20,0,7.36,CN,1689560134
151,cidreira,-30.1811,-50.2056,53.01,76,100,7.61,BR,1689560135
152,harbin,45.75,126.65,66.15,95,100,2.86,CN,1689560135
153,es castell,39.8795,4.2854,77.68,94,40,5.75,ES,1689560135
154,eyl,7.9803,49.8164,77.77,67,100,25.43,SO,1689560135
155,cill airne,52.05,-9.5167,50.95,96,84,5.1,IE,1689560136
156,bozeman,45.6796,-111.0386,84.69,39,0,3.44,US,1689560136
157,zyryanskoye,56.8306,86.6258,65.89,77,22,5.26,RU,1689560136
158,afaahiti,-17.75,-149.2833,82.27,58,3,1.99,PF,1689560136
159,berezovyy,51.6667,135.7,80.83,47,74,5.66,RU,1689560136
160,millau,44.0833,2.9167,62.02,76,100,1.52,FR,1689560137
161,kapuskasing,49.4169,-82.4331,59.09,94,75,3.44,CA,1689560077
162,da lat,11.9465,108.4419,65.59,87,99,7.76,VN,1689560137
163,luxor,25.6989,32.6421,87.21,17,0,4.68,EG,1689560137
164,luderitz,-26.6481,15.1594,63.18,45,0,7.43,NA,1689560137
165,inarajan village,13.2736,144.7484,87.94,91,100,13.15,GU,1689560138
166,dudinka,69.4058,86.1778,47.62,53,36,14.92,RU,1689560080
167,richards bay,-28.783,32.0377,60.94,86,0,4.07,ZA,1689560138
168,khandyga,62.6667,135.6,64.9,37,8,5.91,RU,1689560138
169,udachny,66.4167,112.4,48.45,87,100,14.45,RU,1689560138
170,south upi,6.8333,124.15,79.36,68,53,3.38,PH,1689560139
171,atafu village,-8.5421,-172.5159,83.5,76,97,13.96,TK,1689560139
172,jalai nur,49.45,117.7,80.15,34,0,7.76,CN,1689560139
173,sao joao da barra,-21.6403,-41.0511,70.5,92,3,4.76,BR,1689560140
174,yatou,37.15,122.3833,81.46,54,100,5.01,CN,1689560140
175,ihosy,-22.4,46.1167,55.96,95,55,3.53,MG,1689560140
176,kirovskiy,45.0917,133.5136,67.64,87,100,3.27,RU,1689560140
177,buka,40.8108,69.1986,80.24,23,0,5.5,UZ,1689560140
178,uturoa,-16.7333,-151.4333,78.35,65,0,8.61,PF,1689560141
179,piti village,13.4626,144.6933,87.85,84,75,5.75,GU,1689560141
180,mata-utu,-13.2816,-176.1745,80.69,81,48,15.77,WF,1689560141
181,palikir - national government center,6.9248,158.1611,81.45,83,100,11.5,FM,1689560141
182,port macquarie,-31.4333,152.9167,66.88,71,78,5.55,AU,1689560141
183,masterton,-40.9597,175.6575,57.88,63,3,4.88,NZ,1689560142
184,bardai,11.65,7.2333,76.26,71,74,1.5,NG,1689560142
185,thompson,55.7435,-97.8558,62.76,82,100,4.61,CA,1689560056
186,margaret river,-33.95,115.0667,58.19,77,91,7.49,AU,1689560142
187,cabo san lucas,22.8909,-109.9124,85.6,74,0,9.22,MX,1689560142
188,tura,25.5198,90.2201,79.03,83,100,4.56,IN,1689560142
189,katsuura,35.1333,140.3,84.87,68,13,6.55,JP,1689560143
190,mount pearl,47.5166,-52.7813,67.44,93,100,12.66,CA,1689559918
191,vila do maio,15.1333,-23.2167,81.39,85,44,10.27,CV,1689560143
192,carnarvon,-24.8667,113.6333,64.56,29,0,7.18,AU,1689560143
193,karatas,36.582,35.3701,79.45,52,0,5.75,TR,1689560143
194,tsiombe,-25.3,45.4833,60.84,73,6,4.85,MG,1689560144
195,dalandzadgad,43.5708,104.425,85.57,16,5,5.99,MN,1689560144
196,olonkinbyen,70.9221,-8.7187,39.49,96,100,22.03,SJ,1689560075
197,vorgashor,67.5833,63.95,60.08,89,100,12.88,RU,1689560144
198,haapsalu,58.9431,23.5414,63.01,90,3,10.96,EE,1689560144
199,whitehorse,60.7161,-135.0538,79.57,25,75,11.5,CA,1689560145
200,nazyvayevsk,55.5698,71.3529,65.26,67,57,7.83,RU,1689560145
201,kitgum,3.2783,32.8867,64.08,92,29,4.09,UG,1689560145
202,kibondo,-3.5864,30.7203,57.94,49,1,1.59,TZ,1689560145
203,umarkot,25.3616,69.7362,84.49,67,16,14.38,PK,1689560145
204,metlili chaamba,32.2667,3.6333,81.54,12,0,5.75,DZ,1689560146
205,klyuchi,52.2667,79.1667,68.05,67,18,7.9,RU,1689560146
206,leksand,60.7339,15.0032,59.18,85,94,13.38,SE,1689560146
207,coeur d'alene,47.6777,-116.7805,95.88,21,0,5.75,US,1689559902
208,kailua-kona,19.6406,-155.9956,84.16,75,40,10.36,US,1689559989
209,georgetown,5.4112,100.3354,85.95,78,20,2.3,MY,1689560117
210,palmer,42.1584,-72.3287,74.77,85,100,4.61,US,1689560147
211,bafra,41.5678,35.9069,67.35,76,0,3.98,TR,1689560148
212,tofol,5.3248,163.0078,83.98,74,75,11.5,FM,1689560148
213,cova figueira,14.8905,-24.2934,73.81,88,98,7.61,CV,1689560149
214,bom jesus da lapa,-13.255,-43.4181,74.23,58,1,5.37,BR,1689560149
215,saurimo,-9.6608,20.3916,63.61,32,0,8.84,AO,1689560149
216,haiku-pauwela,20.9219,-156.3051,84.22,60,40,24.16,US,1689560150
217,pont rouge,48.8833,-72.0825,66.49,99,98,3.98,CA,1689560150
218,polyarnyy,69.1989,33.4478,59.16,66,100,8.55,RU,1689560150
219,huarmey,-10.0681,-78.1522,69.21,82,59,8.79,PE,1689560150
220,pangody,65.85,74.4859,58.95,69,99,16.44,RU,1689560151
221,chinhoyi,-17.3667,30.2,49.48,60,0,4.43,ZW,1689560151
222,wamba,8.9333,8.6,73.65,90,84,0.63,NG,1689560151
223,kenai,60.5544,-151.2583,57.29,97,100,10.36,US,1689560151
224,shalqar,47.8333,59.6,71.4,49,15,11.52,KZ,1689560152
225,urangan,-25.3,152.9,74.19,63,20,11.88,AU,1689560152
226,taber,49.8167,-112.1518,85.66,49,87,13.8,CA,1689560050
227,codrington,-38.2667,141.9667,53.73,68,0,13.09,AU,1689560152
228,chinde,26.8418,88.0763,68.49,88,100,3.58,NP,1689560152
229,rio grande,-32.035,-52.0986,40.95,74,100,9.46,BR,1689559865
230,yuzawa,39.1667,140.5,83.21,81,68,11.34,JP,1689560153
231,qashyr,53.0675,76.1036,66.6,71,37,5.32,KZ,1689560154
232,alofi,-19.0595,-169.9187,67.89,94,100,11.5,NU,1689560154
233,ishigaki,24.3448,124.1572,89.73,74,75,9.22,JP,1689560154
234,valdez,1.2492,-78.9831,79.66,86,100,9.31,EC,1689560154
235,salalah,17.0151,54.0924,77.09,100,100,6.91,OM,1689560003
236,sinop,41.7711,34.8709,60.6,77,0,3.44,TR,1689560155
237,baiyin,36.5583,104.2081,77.38,33,38,3.38,CN,1689560155
238,al bardiyah,31.7561,25.0865,78.49,80,0,8.43,LY,1689560155
239,arquitecto tomas romero pereira,-26.4833,-55.25,50.31,95,5,3.06,PY,1689560155
240,varberg,57.1056,12.2508,62.06,89,93,18.81,SE,1689560156
241,remire-montjoly,4.9167,-52.2667,71.64,100,0,0.0,GF,1689560156
242,lae,-6.7221,146.9847,83.12,64,100,3.58,PG,1689560156
243,prado,-17.3411,-39.2208,71.38,93,20,5.66,BR,1689560156
244,porto novo,6.4965,2.6036,76.35,90,100,6.29,BJ,1689560156
245,punta del este,-34.9667,-54.95,49.87,79,100,17.27,UY,1689560157
246,petropavlovsk-kamchatsky,53.0452,158.6483,68.59,68,75,11.18,RU,1689560157
247,vernon,50.2581,-119.2691,92.93,28,76,11.99,CA,1689560157
248,raja,8.4596,25.678,70.99,84,7,1.39,SS,1689560157
249,as sulayyil,20.4607,45.5779,82.65,12,100,2.73,SA,1689560157
250,breckenridge,32.7557,-98.9023,97.0,34,0,8.05,US,1689560158
251,chibougamau,49.9168,-74.3659,67.62,88,75,3.44,CA,1689560158
252,saldanha,-33.0117,17.9442,55.9,88,100,1.54,ZA,1689560158
253,port sudan,19.6175,37.2164,92.16,43,92,4.21,SD,1689560158
254,callao,-12.0667,-77.15,68.72,77,75,14.97,PE,1689560158
255,dapa,9.7594,126.0531,84.2,70,71,4.79,PH,1689560159
256,paveh,35.0434,46.3565,67.69,24,0,1.92,IR,1689560159
257,orsa,54.5153,30.4053,61.36,67,100,8.01,BY,1689560159
258,krasnogorskoye,52.2953,86.1979,63.55,87,51,10.45,RU,1689560159
259,ndende,-2.4008,11.3581,69.33,88,7,3.67,GA,1689560159
260,usinsk,65.9939,57.5281,62.96,84,100,6.2,RU,1689560160
261,la passe,45.5549,-0.8967,57.97,79,0,2.73,FR,1689560160
262,yinchuan,38.4681,106.2731,84.81,24,0,5.75,CN,1689560160
263,beihai,21.4833,109.1,87.75,63,100,20.54,CN,1689560160
264,guerrero negro,27.9769,-114.0611,71.26,76,16,12.15,MX,1689560161
265,fortaleza,-3.7227,-38.5247,81.21,78,75,13.8,BR,1689560161
266,golbey,48.1976,6.4397,56.61,77,99,4.56,FR,1689560161
267,santa cruz,-17.8,-63.1667,65.66,68,75,11.5,BO,1689560162
268,errachidia,31.9275,-4.4285,84.25,5,0,5.75,MA,1689560162
269,touros,-5.1989,-35.4608,74.53,85,13,11.12,BR,1689560162
270,ituiutaba,-18.9689,-49.465,70.03,52,6,5.7,BR,1689560163
271,casilda,-33.0442,-61.1681,44.46,65,2,4.74,AR,1689560163
272,ouesso,1.6136,16.0517,71.87,92,25,2.33,CG,1689560163
273,hilo,19.7297,-155.09,82.26,77,100,6.91,US,1689560163
274,bel ombre,-4.6167,55.4167,78.64,83,20,14.97,SC,1689560164
275,nanga eboko,4.6833,12.3667,67.55,99,100,1.57,CM,1689560164
276,puerto aysen,-45.4,-72.7,23.5,98,58,1.83,CL,1689560164
277,rabo de peixe,37.8,-25.5833,67.51,77,75,3.44,PT,1689560164
278,mili,6.0815,171.735,82.67,71,40,13.11,MH,1689560165
279,wulingyuan,29.3494,110.5441,84.67,53,0,6.96,CN,1689560165
280,kirkwall,58.9848,-2.9587,51.96,93,100,14.97,GB,1689560165
281,puerto berrio,6.4916,-74.4033,78.4,83,98,2.77,CO,1689560165
282,zalesovo,53.9939,84.7431,61.27,92,100,4.92,RU,1689560165
283,longyearbyen,78.2186,15.6401,46.24,71,75,19.57,SJ,1689560166
284,sangueya,10.7,-14.3667,75.43,96,100,3.53,GN,1689560166
285,thinadhoo,0.5333,72.9333,81.68,75,64,6.4,MV,1689560166
286,cooper's town,26.8667,-77.5167,84.36,76,100,12.01,BS,1689560166
287,nanzhang chengguanzhen,31.7839,111.8275,85.68,58,0,9.28,CN,1689560167
288,guarapari,-20.6667,-40.4975,68.9,79,38,5.37,BR,1689560167
289,tromso,69.6496,18.957,59.02,77,100,13.8,NO,1689560167
290,salinopolis,-0.6136,-47.3561,77.99,88,24,11.03,BR,1689560167
291,prestea,5.4327,-2.1428,72.36,98,66,2.64,GH,1689560168
292,lecheng,25.1238,113.3254,84.65,79,100,3.36,CN,1689560168
293,shingu,33.7333,135.9833,90.52,53,0,1.86,JP,1689560168
294,lorengau,-2.0226,147.2712,85.51,71,98,13.35,PG,1689560169
295,oroqen zizhiqi,50.5667,123.7167,85.21,38,77,0.56,CN,1689560169
296,walvis bay,-22.9575,14.5053,70.23,25,0,10.18,NA,1689560169
297,saint-pierre,-21.3393,55.4781,67.68,68,0,12.66,RE,1689560169
298,morwell,-38.2333,146.4,57.65,49,0,2.89,AU,1689560107
299,sefrou,33.8319,-4.828,65.35,64,0,4.61,MA,1689560170
300,zapolyarnyy,69.4154,30.8136,54.68,62,100,5.32,RU,1689560170
301,badger,64.8,-147.5333,73.31,52,100,4.61,US,1689560170
302,tuy hoa,13.0833,109.3,87.12,60,100,17.05,VN,1689560171
303,zadar,44.1197,15.2422,70.41,88,0,1.14,HR,1689560171
304,bathsheba,13.2167,-59.5167,81.21,89,40,16.11,BB,1689560171
305,kili,5.6439,169.1211,83.28,74,100,13.51,MH,1689560172
306,agbabu,6.5886,4.8343,75.04,96,100,1.88,NG,1689560172
307,coquimbo,-29.9533,-71.3436,55.13,94,100,3.44,CL,1689560172
308,hurricane,37.1753,-113.2899,111.54,6,97,13.44,US,1689560173
309,el alto,-4.2714,-81.2147,71.26,84,67,16.64,PE,1689560173
310,boa vista,2.8197,-60.6733,78.78,78,40,2.3,BR,1689560173
311,ndola,-12.9587,28.6366,50.23,71,7,4.92,ZM,1689560173
312,nemuro,43.3236,145.575,55.35,93,99,6.44,JP,1689560059
313,ust-tsilma,65.441,52.1498,62.89,87,43,5.14,RU,1689560174
314,lhuentse,27.6679,91.1839,72.28,95,100,0.83,BT,1689560174
315,fortuna,40.5982,-124.1573,65.93,88,100,12.66,US,1689560001
316,val-d'or,48.1002,-77.7828,64.49,94,100,6.91,CA,1689559909
317,prokop'yevsk,53.9059,86.719,61.77,93,94,7.83,RU,1689560104
318,hyesan,41.4017,128.1778,73.13,63,62,3.02,KP,1689559994
319,colonia menno,-22.3667,-59.8167,63.52,53,100,6.06,PY,1689560175
320,sonari,27.0667,95.0333,78.85,99,100,4.76,IN,1689560175
321,san pedro pochutla,15.7333,-96.4667,83.71,91,100,5.06,MX,1689560176
322,levuka,50.1834,-105.4011,64.11,47,5,6.02,CA,1689560176
323,borba,-4.3878,-59.5939,79.75,59,100,0.85,BR,1689560176
324,andalgala,-27.5819,-66.3165,42.93,59,98,0.85,AR,1689560176
325,malvan,16.0667,73.4667,80.1,86,100,14.88,IN,1689560177
326,chernyanka,50.9409,37.8069,57.15,88,3,6.33,RU,1689560177
327,sittwe,20.15,92.9,81.25,86,63,10.83,MM,1689560177
328,hobyo,5.3505,48.5268,76.48,81,36,22.32,SO,1689560178
329,kristiansund,63.1115,7.732,59.05,88,100,4.61,NO,1689560178
330,tobol'sk,58.2,68.2667,63.1,67,38,7.81,RU,1689560178
331,floriano,-6.7669,-43.0225,77.29,38,7,7.4,BR,1689560178
332,petrov val,50.1434,45.2096,59.29,87,87,11.52,RU,1689560179
333,valparaiso,-33.0393,-71.6273,46.04,93,0,3.44,CL,1689560090
334,zhosaly,45.4878,64.0781,82.94,36,54,10.89,KZ,1689560179
335,hamilton,39.1834,-84.5333,77.77,87,75,19.57,US,1689560152
336,wajir,1.7471,40.0573,70.68,78,44,9.31,KE,1689560179
337,hami,42.8,93.45,100.81,9,19,3.09,CN,1689560180
338,howrah,22.5892,88.3103,86.0,84,40,6.91,IN,1689560180
339,angaur state,6.906,134.13,81.0,80,100,8.84,PW,1689560180
340,igarka,67.4667,86.5833,51.31,57,12,7.83,RU,1689560180
341,grand baie,-20.0182,57.5802,70.45,86,87,1.01,MU,1689560181
342,papao,-17.75,-149.55,83.88,64,3,2.73,PF,1689560181
343,sinabang,2.4803,96.3801,80.98,80,99,4.43,ID,1689560181
344,vilyuysk,63.7553,121.6247,63.36,40,100,9.75,RU,1689560182
345,kiri buru,22.0833,85.35,76.14,92,100,3.24,IN,1689560182
346,urbana,40.1106,-88.2073,75.02,84,0,4.61,US,1689560182
347,ostersund,63.1792,14.6357,57.61,35,20,45.01,SE,1689560183
348,la'ie,21.6477,-157.9253,87.76,72,3,1.99,US,1689560183
349,salina cruz,16.1667,-95.2,83.57,70,98,14.83,MX,1689560183
350,weno,7.4515,151.8468,78.75,94,100,0.0,FM,1689560074
351,meulaboh,4.1363,96.1285,78.48,81,100,2.46,ID,1689560183
352,shiyan,32.6475,110.7781,85.1,59,0,3.33,CN,1689560184
353,christchurch,-43.5333,172.6333,63.48,61,8,3.44,NZ,1689559959
354,mehtar lam,34.6714,70.2094,85.89,63,7,1.25,AF,1689560184
355,betio village,1.358,172.9211,80.64,72,84,7.16,KI,1689560185
356,lodja,-3.4833,23.4333,76.23,46,58,0.72,CD,1689560185
357,tosontsengel,48.7567,98.2839,70.09,39,0,5.53,MN,1689560185
358,trincomalee,8.5711,81.2335,83.59,71,91,17.58,LK,1689560186
359,port augusta,-32.5,137.7667,60.04,39,0,4.16,AU,1689560186
360,nelson bay,-32.7167,152.15,66.09,83,51,3.0,AU,1689560186
361,san nicolas,18.1725,120.5953,89.51,66,75,11.5,PH,1689560186
362,mirebalais,18.8333,-72.1053,83.12,83,98,2.24,HT,1689560187
363,bayanaul,50.7889,75.6956,67.03,61,30,1.63,KZ,1689560187
364,riberalta,-10.9833,-66.1,79.05,60,92,1.39,BO,1689560187
365,ciudad pemex,17.9,-92.5,88.02,71,100,6.13,MX,1689560188
366,eirunepe,-6.6603,-69.8736,74.95,89,76,1.83,BR,1689560188
367,vinnytsia,49.2328,28.481,64.44,67,0,4.72,UA,1689560160
368,revda,56.801,59.9303,56.95,94,98,7.99,RU,1689560189
369,jaisalmer,26.9147,70.9181,85.03,63,67,14.16,IN,1689560189
370,ambon,-3.6954,128.1814,80.87,95,40,8.05,ID,1689560190
371,taroa,8.7058,171.2275,82.63,76,57,12.77,MH,1689560191
372,ribeira brava,32.65,-17.0667,71.13,67,93,7.18,PT,1689560191
373,ridgecrest,35.6225,-117.6709,114.66,10,0,11.5,US,1689560008
374,alzamay,55.5562,98.6644,67.91,71,98,3.33,RU,1689560192
375,lospalos,-8.5186,127.0025,74.32,74,99,11.43,TL,1689560192
376,carbonear,47.7332,-53.2148,68.74,95,97,7.96,CA,1689560117
377,san patricio,28.017,-97.5169,87.19,75,64,16.64,US,1689560193
378,goure,13.9835,10.2704,87.17,42,99,4.68,NE,1689560193
379,tazovsky,67.4667,78.7,52.25,53,100,17.18,RU,1689560193
380,moranbah,-22.0016,148.0466,73.89,48,8,17.65,AU,1689560193
381,banda aceh,5.5577,95.3222,83.08,70,100,13.87,ID,1689560194
382,ashkasham,36.6833,71.5333,56.03,39,0,1.07,AF,1689560194
383,glen innes,-29.7333,151.7333,58.57,49,40,7.54,AU,1689560194
384,mariehamn,60.0973,19.9348,62.46,82,0,10.36,AX,1689560125
385,ebaye,8.7748,167.7392,87.82,66,0,10.36,MH,1689560195
386,matoury,4.8483,-52.3317,71.56,100,0,0.0,GF,1689560195
387,bonny,4.4522,7.1681,77.65,89,100,5.3,NG,1689560195
388,az zawiyah,32.0963,35.0398,85.05,65,40,3.44,PS,1689560196
389,qarqaraly,49.4058,75.4742,70.11,40,0,1.63,KZ,1689560196
390,sur,22.5667,59.5289,87.6,56,23,8.16,OM,1689560196
391,kununurra,-15.7667,128.7333,84.18,28,5,19.57,AU,1689560181
392,calvinia,-31.4707,19.776,50.79,52,81,2.77,ZA,1689560197
393,new norfolk,-42.7826,147.0587,60.3,57,28,11.05,AU,1689560197
394,vilhena,-12.7406,-60.1458,70.88,53,36,2.75,BR,1689560186
395,torbat-e heydariyeh,35.274,59.2195,77.36,25,0,4.7,IR,1689560197
396,chernyshevskiy,63.0128,112.4714,60.87,53,100,9.08,RU,1689560197
397,greymouth,-42.4667,171.2,52.97,81,96,4.07,NZ,1689560198
398,sola,-13.8833,167.55,77.92,81,100,27.36,VU,1689560198
399,mwatate,-3.5029,38.3795,61.61,93,88,4.43,KE,1689560198
400,ta`u,-14.2336,-169.5144,80.31,77,28,15.88,AS,1689560198
401,ha'il,27.5219,41.6907,84.22,16,0,9.22,SA,1689560199
402,garachico,28.7781,-17.7646,69.91,68,20,17.27,ES,1689560199
403,robore,-18.3333,-59.75,74.91,56,100,4.68,BO,1689560199
404,kaniv,49.7518,31.46,62.44,68,3,4.56,UA,1689560199
405,kingisepp,59.3733,28.6134,61.5,97,100,5.1,RU,1689560200
406,deva,45.8833,22.9,71.4,68,42,1.63,RO,1689560051
407,birjand,32.8663,59.2211,77.47,19,0,11.5,IR,1689560200
408,long xuyen,10.3833,105.4167,76.95,82,100,14.81,VN,1689560200
409,ponta delgada,37.7333,-25.6667,68.72,77,75,3.44,PT,1689560200
410,timbuktu,16.7735,-3.0074,90.01,47,19,9.42,ML,1689560201
411,keelung,25.1283,121.7419,93.09,68,99,6.78,TW,1689560201
412,montereau-fault-yonne,48.3833,2.95,57.65,70,2,7.07,FR,1689560201
413,xilin hot,43.9667,116.0333,80.01,32,5,6.4,CN,1689560201
414,ziro,27.6333,93.8333,56.14,100,100,2.44,IN,1689560201
415,baiti,13.745,-14.7482,78.31,89,100,6.33,SN,1689560202
416,neryungri,56.6709,124.6491,76.05,49,7,7.05,RU,1689560202
417,tianshui,34.5439,105.6897,77.9,50,1,6.11,CN,1689560202
418,sumbawa besar,-8.5,117.4333,83.59,56,84,8.68,ID,1689560202
419,wellington,-41.2866,174.7756,56.86,73,0,13.8,NZ,1689559965
420,pandan,14.0453,124.1694,86.95,67,100,7.36,PH,1689560203
421,rongelap,11.1635,166.8941,83.28,78,98,14.99,MH,1689560203
422,chonchi,-42.6128,-73.8092,36.12,93,9,2.08,CL,1689560203
423,key west,24.5557,-81.7826,87.8,76,75,4.61,US,1689559931
424,bryne,58.7354,5.6477,58.98,93,75,14.97,NO,1689560203
425,nishinoomote,30.7333,131.0,88.36,84,75,11.5,JP,1689560203
426,nuuk,64.1835,-51.7216,48.81,93,100,26.46,GL,1689560204
427,ringkobing,56.0901,8.244,61.02,83,99,16.15,DK,1689560204
428,yanbu,24.0891,38.0637,86.04,70,0,6.91,SA,1689560204
429,nagqu,31.5,92.0,46.69,58,0,5.39,CN,1689560204
430,zhalantun,48.0,122.7167,74.86,62,62,4.79,CN,1689560205
431,san giovanni gemini,37.6281,13.6408,81.84,21,0,4.0,IT,1689560205
432,conde,-7.2597,-34.9075,71.06,100,40,4.61,BR,1689560205
433,chimore,-16.9833,-65.1333,72.63,70,100,2.77,BO,1689560205
434,banchory,57.0517,-2.4882,53.69,84,100,5.93,GB,1689560205
435,ulladulla,-35.35,150.4667,65.05,56,0,6.8,AU,1689560206
436,kupang,-10.1667,123.5833,86.58,58,20,11.5,ID,1689560206
437,ghosi,26.1083,83.5436,86.45,70,52,11.43,IN,1689560206
438,letlhakane,-21.4167,25.5833,51.39,41,100,7.67,BW,1689560206
439,livingston,55.9029,-3.5226,53.2,91,75,10.36,GB,1689560207
440,baker city,44.7749,-117.8344,92.19,29,0,14.97,US,1689559970
441,taiynsha,53.8478,69.7639,66.65,71,40,12.1,KZ,1689560207
442,urengoy,65.9667,78.3667,49.53,63,100,9.51,RU,1689560208
443,santana,-0.0583,-51.1817,75.83,90,8,5.37,BR,1689560208
444,bethanie,-26.4833,17.15,55.51,31,0,7.07,NA,1689560208
445,elwood,-37.8817,144.983,61.48,62,0,5.99,AU,1689560208
446,midvagur,62.0511,-7.1939,47.23,93,100,18.41,FO,1689560208
447,gadzhiyevo,69.2551,33.3362,58.71,66,100,7.94,RU,1689560209
448,saipan,15.1355,145.701,88.5,100,40,10.36,MP,1689560209
449,magong,23.5654,119.5863,84.49,73,100,5.82,TW,1689560209
450,lensk,60.7253,114.9278,76.19,40,88,5.99,RU,1689560209
451,minas de marcona,-15.2119,-75.1103,55.17,83,26,9.73,PE,1689560142
452,wanning,18.8003,110.3967,81.93,81,100,9.62,CN,1689560210
453,catriel,-37.8791,-67.7956,39.99,57,100,11.34,AR,1689560210
454,tommot,58.9564,126.2925,69.84,53,21,9.15,RU,1689560210
455,hasaki,35.7333,140.8333,97.29,70,79,9.15,JP,1689560210
456,nova sintra,14.8667,-24.7167,72.9,86,100,9.82,CV,1689560175
457,la foa,-21.7108,165.8276,73.8,52,59,9.69,NC,1689560211
458,bamboo flat,11.7,92.7167,82.49,83,100,10.36,IN,1689560211
459,winnemucca,40.973,-117.7357,97.72,6,100,12.91,US,1689560212
460,yuzhno-kurilsk,44.0306,145.8556,58.42,86,95,3.47,RU,1689560099
461,nyagan,62.1406,65.3936,66.99,54,3,6.96,RU,1689560212
462,ar rutbah,33.0381,40.2848,83.17,19,0,8.37,IQ,1689560212
463,prince rupert,54.3161,-130.3201,60.89,82,100,4.61,CA,1689560110
464,princeville,45.7668,-61.2985,69.69,96,100,9.22,CA,1689560213
465,belousovka,50.1339,82.5239,68.85,56,0,4.47,KZ,1689560213
466,gazli,40.1333,63.45,87.57,16,0,7.9,UZ,1689560213
467,vilyuchinsk,52.9306,158.4028,70.07,86,58,6.38,RU,1689560207
468,sydney,-33.8679,151.2073,64.35,77,75,6.91,AU,1689560137
469,kavaratti,10.5669,72.642,82.78,79,100,18.43,IN,1689560214
470,chenaran,36.6455,59.1212,76.33,31,0,1.59,IR,1689560214
471,ascension,30.2169,-90.9001,76.06,96,81,3.44,US,1689560215
472,reggane,26.7158,0.1714,94.3,16,73,3.78,DZ,1689560215
473,san luis de la loma,17.2706,-100.8939,82.35,86,15,1.77,MX,1689560066
474,al jabin,14.704,43.599,65.35,54,19,2.15,YE,1689560216
475,tchintabaraden,15.8969,5.7985,91.71,38,6,11.68,NE,1689560216
476,manicore,-5.8092,-61.3003,76.89,72,100,1.59,BR,1689560216
477,fallon,39.4735,-118.7774,105.67,9,0,3.44,US,1689560216
478,phu kradueng,16.8843,101.8847,74.8,96,100,3.29,TH,1689560216
479,parauapebas,-6.0675,-49.9022,74.23,52,5,2.28,BR,1689560217
480,kolonia,50.9333,6.95,64.94,72,20,5.75,DE,1689560161
481,mpika,-11.8343,31.4529,47.98,80,0,5.64,ZM,1689560217
482,ikom,5.9667,8.7063,73.49,99,100,0.58,NG,1689560217
483,sao tome,0.3365,6.7273,74.88,84,100,7.14,ST,1689560217
484,ingeniero jacobacci,-41.3427,-69.5448,27.25,72,3,4.32,AR,1689560218
485,broken hill,-31.95,141.4333,55.53,44,1,7.36,AU,1689560218
486,akrehamn,59.2667,5.1833,59.41,88,100,19.57,NO,1689560218
487,kathu,7.9178,98.3332,87.69,99,100,18.84,TH,1689560219
488,broome,42.2506,-75.833,73.78,89,0,3.44,US,1689560219
489,alaghsas,17.0187,8.0168,92.12,19,18,14.38,NE,1689560219
490,dalhart,36.0595,-102.5133,84.22,51,0,5.75,US,1689560219
491,jacksonville,30.3322,-81.6556,82.4,88,100,6.91,US,1689559950
492,gamba,-2.65,10.0,70.03,91,100,4.59,GA,1689560067
493,hong kong,22.2855,114.1577,86.05,90,100,4.0,HK,1689560158
494,keetmanshoop,-26.5833,18.1333,56.71,31,0,6.31,NA,1689560220
495,al ghayzah,16.2079,52.176,77.77,89,26,7.16,YE,1689560220
496,coron,11.9986,120.2043,84.43,71,100,12.17,PH,1689560220
497,togur,58.3631,82.8265,63.03,65,35,6.26,RU,1689560220
498,yamada,39.4667,141.95,84.45,66,40,3.31,JP,1689560059
499,slubice,52.3509,14.5607,56.55,78,0,1.01,PL,1689560221
500,khadzhalmakhi,42.42,47.1821,57.11,93,100,2.48,RU,1689560221
501,huitel,20.1639,-99.2733,63.23,70,70,8.37,MX,1689560221
502,chandia,23.65,80.7,81.41,79,100,6.35,IN,1689560222
503,kamaishi,39.2667,141.8833,81.14,75,43,6.29,JP,1689560222
504,vanino,49.0869,140.2543,64.22,73,94,5.61,RU,1689560222
505,vadso,70.0744,29.7487,56.28,87,40,10.36,NO,1689560223
506,el hadjira,32.6134,5.5126,89.71,11,0,6.35,DZ,1689560223
507,trairi,-3.2778,-39.2689,77.76,81,8,10.04,BR,1689560181
508,gaeta,41.2183,13.5628,77.74,75,0,3.47,IT,1689560223
509,mapimi,25.8167,-103.85,85.28,29,1,10.92,MX,1689559988
510,morehead city,34.7229,-76.726,84.02,91,0,10.36,US,1689559971
511,irymple,-34.25,142.1667,58.08,62,0,1.01,AU,1689560224
512,chanute,37.6792,-95.4572,82.08,74,0,6.91,US,1689560210
513,jinjing,24.575,118.5972,91.42,79,84,8.16,CN,1689560225
514,uxbridge,42.0773,-71.6295,74.39,94,100,1.01,US,1689560044
515,la toma,-33.0526,-65.6238,39.34,49,16,4.03,AR,1689560225
516,solnechnyy,50.7214,136.6319,71.74,65,96,4.59,RU,1689560226
517,kill devil hills,36.0307,-75.676,83.98,77,0,0.0,US,1689560226
518,darwin,-12.4611,130.8418,85.98,37,0,17.27,AU,1689559970
519,chimoio,-19.1164,33.4833,57.06,82,0,3.91,MZ,1689560226
520,victorica,-36.2151,-65.4359,39.83,52,100,9.24,AR,1689560227
521,coxen hole,16.3244,-86.5366,86.36,79,0,23.02,HN,1689560227
522,lautoka,-17.6167,177.4667,76.86,73,75,6.91,FJ,1689560228
523,macau,22.2006,113.5461,85.8,84,75,29.93,MO,1689560186
524,puqi,29.7167,113.8833,80.06,76,92,8.21,CN,1689560228
525,saint marys,30.7305,-81.5465,82.42,94,0,6.91,US,1689560228
526,kabanga,-2.6386,30.4678,57.58,52,1,3.49,TZ,1689560228
527,darovskoy,58.77,47.9564,54.95,81,0,4.5,RU,1689560229
528,gewane,10.1664,40.6453,79.92,58,29,11.52,ET,1689560229
529,uige,-7.6087,15.0613,65.93,48,0,3.53,AO,1689560230
530,barra de santo antonio,-9.4047,-35.5072,72.68,84,46,8.41,BR,1689560230
531,alta,69.9689,23.2717,63.66,68,100,16.11,NO,1689560230
532,gisborne,-38.6533,178.0042,57.06,53,3,8.57,NZ,1689560231
533,novyy urengoy,66.0833,76.6333,56.39,61,100,16.67,RU,1689560017
534,pitimbu,-7.4706,-34.8086,72.19,80,0,10.71,BR,1689560231
535,mirnyy,62.5353,113.9611,60.24,55,100,8.99,RU,1689560231
536,hohhot,40.8106,111.6522,80.89,36,0,4.47,CN,1689560231
537,pacific grove,36.6177,-121.9166,72.39,84,20,5.75,US,1689560232
538,bodo,67.28,14.405,55.44,94,0,11.5,NO,1689560232
539,sabha,27.0377,14.4283,83.66,32,36,14.23,LY,1689560232
540,kadugli,11.0167,29.7167,77.32,66,99,2.1,SD,1689560232
541,zaidpur,26.8333,81.3333,84.27,70,98,10.2,IN,1689560233
542,ebon,4.582,168.6964,83.03,76,60,11.03,MH,1689560233
543,la sarre,48.8002,-79.1996,60.08,97,73,5.7,CA,1689559956
544,dhulia,20.9,74.7833,78.76,81,99,2.13,IN,1689560233
545,telerghma,36.1165,6.3543,74.61,30,4,2.98,DZ,1689560234
546,dakhla,23.6848,-15.958,67.5,91,0,17.78,EH,1689560234
547,ouadda,8.0777,22.4007,68.36,92,3,1.97,CF,1689560234
548,cumbum,9.7333,77.3,75.6,83,100,7.81,IN,1689560235
549,ouani,-12.1322,44.4258,76.77,72,28,14.2,KM,1689560235
550,pecos,31.4229,-103.4932,97.3,19,0,11.5,US,1689560175
551,atherton,53.5237,-2.4935,56.75,89,16,4.99,GB,1689560235
552,san fernando,15.0286,120.6898,78.53,89,100,8.88,PH,1689560235
553,abong mbang,3.9833,13.1833,67.24,99,27,2.06,CM,1689560236
554,gizo,-8.103,156.8419,81.34,78,49,5.23,SB,1689560236
555,north druid hills,33.8168,-84.3133,81.97,66,0,6.91,US,1689560103
556,fauske,67.2588,15.3918,55.44,86,100,6.69,NO,1689560236
557,dzagam,40.9033,45.8856,71.33,62,77,9.89,AZ,1689560237
558,sao gabriel da cachoeira,-0.1303,-67.0892,72.79,99,100,1.95,BR,1689560237
559,greenville,35.6127,-77.3663,82.13,88,100,0.0,US,1689560016
560,dunedin,-45.8742,170.5036,60.8,40,100,3.0,NZ,1689560120
561,pisco,-13.7,-76.2167,64.45,77,0,9.22,PE,1689560063
562,aykhal,66.0,111.5,49.17,77,100,9.6,RU,1689560238
563,olyokminsk,60.3736,120.4264,75.52,36,57,12.77,RU,1689560239
564,el porvenir,13.7617,-87.3458,79.93,66,92,6.46,HN,1689560239
565,langepas,61.2544,75.2124,60.57,41,61,1.66,RU,1689560239
566,weirton,40.419,-80.5895,74.12,83,0,1.01,US,1689560239
567,villa gesell,-37.2639,-56.973,41.86,86,45,15.17,AR,1689560210
568,ambovombe,-25.1667,46.0833,63.55,64,5,5.5,MG,1689560240
569,changyon,38.2508,125.0961,78.87,67,100,4.23,KP,1689560240
570,laguna,38.421,-121.4238,108.32,32,0,12.66,US,1689560240
571,klaeng,12.7797,101.6483,85.95,71,100,11.45,TH,1689560241
572,mccook,40.2019,-100.6257,81.05,60,0,6.91,US,1689560241
573,xanxere,-26.8769,-52.4042,51.91,92,59,0.87,BR,1689560241
